"Ad name","Ad set name",Day,"Ad delivery",Reach,Impressions,Frequency,"Result Type",Results,"Cost per result","Amount spent (RUB)",Starts,Ends,"CPM (cost per 1,000 impressions)","Link clicks","CPC (cost per link click)","CTR (link click-through rate)","CPC (all)","CTR (all)","Clicks (all)","Ad ID","Campaign ID","Reporting starts","Reporting ends"
5,[EN]_18countries,2019-07-31,not_delivering,542,564,1.0405904059041,"Leads (form)",,,140.02,,,248.26241135,3,46.67333333,0.53191489361702,20.00285714,1.24113475,7,23843429940910549,23843429940900549,2019-07-31,2019-07-31
1,[EN]_18countries,2019-07-31,not_delivering,3915,4297,1.0975734355045,"Leads (form)",5,324.596,1622.98,,,377.70072143,22,73.77181818,0.51198510588783,26.60622951,1.41959507,61,23843429940920549,23843429940900549,2019-07-31,2019-07-31
2,[EN]_18countries,2019-07-31,inactive,0,0,0,"Leads (form)",,,0,,,,,,,,,0,23843429940950549,23843429940900549,2019-07-31,2019-07-31
6,[EN]_18countries,2019-07-31,rejected,0,0,0,"Leads (form)",,,0,,,,,,,,,0,23843429940890549,23843429940900549,2019-07-31,2019-07-31
3,[EN]_18countries,2019-07-31,inactive,0,0,0,"Leads (form)",,,0,,,,,,,,,0,23843429940940549,23843429940900549,2019-07-31,2019-07-31
4,[EN]_18countries,2019-07-31,not_delivering,823,870,1.0571081409478,"Leads (form)",1,287.8,287.8,,,330.8045977,1,287.8,0.11494252873563,23.98333333,1.37931034,12,23843429940930549,23843429940900549,2019-07-31,2019-07-31
1,[EN]_18countries,2019-07-30,not_delivering,3924,4293,1.0940366972477,"Leads (form)",7,177.84,1244.88,,,289.97903564,16,77.805,0.37269974376893,21.46344828,1.35103657,58,23843429940920549,23843429940900549,2019-07-30,2019-07-30
4,[EN]_18countries,2019-07-30,not_delivering,2261,2354,1.0411322423706,"Leads (form)",,,549.24,,,233.3220051,6,91.54,0.25488530161427,34.3275,0.67969414,16,23843429940930549,23843429940900549,2019-07-30,2019-07-30
5,[EN]_18countries,2019-07-30,not_delivering,464,483,1.0409482758621,"Leads (form)",,,97.81,,,202.50517598,2,48.905,0.41407867494824,16.30166667,1.24223602,6,23843429940910549,23843429940900549,2019-07-30,2019-07-30
6,[EN]_18countries,2019-07-30,rejected,3973,4045,1.0181223256985,"Leads (form)",2,463.68,927.36,,,229.26081582,20,46.368,0.49443757725587,24.40421053,0.9394314,38,23843429940890549,23843429940900549,2019-07-30,2019-07-30
2,[EN]_18countries,2019-07-30,inactive,0,0,0,"Leads (form)",,,0,,,,,,,,,0,23843429940950549,23843429940900549,2019-07-30,2019-07-30
3,[EN]_18countries,2019-07-30,inactive,0,0,0,"Leads (form)",,,0,,,,,,,,,0,23843429940940549,23843429940900549,2019-07-30,2019-07-30
1,[EN]_18countries,2019-07-29,not_delivering,1681,1895,1.1273051754908,"Leads (form)",4,253.355,1013.42,,,534.78627968,12,84.45166667,0.63324538258575,23.56790698,2.26912929,43,23843429940920549,23843429940900549,2019-07-29,2019-07-29
2,[EN]_18countries,2019-07-29,inactive,0,0,0,"Leads (form)",,,0,,,,,,,,,0,23843429940950549,23843429940900549,2019-07-29,2019-07-29
4,[EN]_18countries,2019-07-29,not_delivering,2570,2714,1.0560311284047,"Leads (form)",2,453.54,907.08,,,334.22254974,15,60.472,0.55268975681651,31.27862069,1.06853353,29,23843429940930549,23843429940900549,2019-07-29,2019-07-29
3,[EN]_18countries,2019-07-29,inactive,0,0,0,"Leads (form)",,,0,,,,,,,,,0,23843429940940549,23843429940900549,2019-07-29,2019-07-29
5,[EN]_18countries,2019-07-29,not_delivering,476,492,1.0336134453782,"Leads (form)",,,123.61,,,251.2398374,,,,30.9025,0.81300813,4,23843429940910549,23843429940900549,2019-07-29,2019-07-29
6,[EN]_18countries,2019-07-29,rejected,19568,21649,1.1063470973017,"Leads (form)",25,263.932,6598.3,,,304.78544044,87,75.84252874,0.40186613700402,28.19786325,1.08088133,234,23843429940890549,23843429940900549,2019-07-29,2019-07-29
5,[EN]_18countries,2019-07-28,not_delivering,128,131,1.0234375,"Leads (form)",,,39.77,,,303.58778626,,,,39.77,0.76335878,1,23843429940910549,23843429940900549,2019-07-28,2019-07-28
3,[EN]_18countries,2019-07-28,inactive,0,0,0,"Leads (form)",,,0,,,,,,,,,0,23843429940940549,23843429940900549,2019-07-28,2019-07-28
1,[EN]_18countries,2019-07-28,not_delivering,811,889,1.0961775585697,"Leads (form)",1,560.98,560.98,,,631.02362205,6,93.49666667,0.67491563554556,35.06125,1.79977503,16,23843429940920549,23843429940900549,2019-07-28,2019-07-28
2,[EN]_18countries,2019-07-28,inactive,0,0,0,"Leads (form)",,,0,,,,,,,,,0,23843429940950549,23843429940900549,2019-07-28,2019-07-28
4,[EN]_18countries,2019-07-28,not_delivering,3137,3367,1.0733184571246,"Leads (form)",4,330.7675,1323.07,,,392.95218295,19,69.63526316,0.56430056430056,38.91382353,1.00980101,34,23843429940930549,23843429940900549,2019-07-28,2019-07-28
6,[EN]_18countries,2019-07-28,rejected,7240,7981,1.1023480662983,"Leads (form)",18,184.445,3320.01,,,415.98922441,46,72.17413043,0.57636887608069,25.15159091,1.65392808,132,23843429940890549,23843429940900549,2019-07-28,2019-07-28
5,[EN]_18countries,2019-07-27,not_delivering,100,101,1.01,"Leads (form)",,,23.12,,,228.91089109,,,,23.12,0.99009901,1,23843429940910549,23843429940900549,2019-07-27,2019-07-27
2,[EN]_18countries,2019-07-27,inactive,0,0,0,"Leads (form)",,,0,,,,,,,,,0,23843429940950549,23843429940900549,2019-07-27,2019-07-27
6,[EN]_18countries,2019-07-27,rejected,3205,3379,1.0542901716069,"Leads (form)",3,475.27333333333,1425.82,,,421.96507843,17,83.87176471,0.50310742823321,32.405,1.3021604,44,23843429940890549,23843429940900549,2019-07-27,2019-07-27
3,[EN]_18countries,2019-07-27,inactive,0,0,0,"Leads (form)",,,0,,,,,,,,,0,23843429940940549,23843429940900549,2019-07-27,2019-07-27
4,[EN]_18countries,2019-07-27,not_delivering,1290,1348,1.0449612403101,"Leads (form)",2,272.315,544.63,,,404.02818991,6,90.77166667,0.44510385756677,36.30866667,1.11275964,15,23843429940930549,23843429940900549,2019-07-27,2019-07-27
1,[EN]_18countries,2019-07-27,not_delivering,1175,1272,1.0825531914894,"Leads (form)",3,242.03666666667,726.11,,,570.84119497,7,103.73,0.55031446540881,33.005,1.72955975,22,23843429940920549,23843429940900549,2019-07-27,2019-07-27
3,[EN]_18countries,2019-07-26,inactive,0,0,0,"Leads (form)",,,0,,,,,,,,,0,23843429940940549,23843429940900549,2019-07-26,2019-07-26
5,[EN]_18countries,2019-07-26,not_delivering,55,56,1.0181818181818,"Leads (form)",,,15.1,,,269.64285714,,,,,0,0,23843429940910549,23843429940900549,2019-07-26,2019-07-26
6,[EN]_18countries,2019-07-26,rejected,3291,3490,1.0604679428745,"Leads (form)",2,613.7,1227.4,,,351.69054441,13,94.41538462,0.37249283667622,39.59354839,0.88825215,31,23843429940890549,23843429940900549,2019-07-26,2019-07-26
1,[EN]_18countries,2019-07-26,not_delivering,740,799,1.0797297297297,"Leads (form)",3,143.01666666667,429.05,,,536.98372966,5,85.81,0.62578222778473,26.815625,2.00250313,16,23843429940920549,23843429940900549,2019-07-26,2019-07-26
4,[EN]_18countries,2019-07-26,not_delivering,1143,1205,1.0542432195976,"Leads (form)",2,182.29,364.58,,,302.5560166,5,72.916,0.4149377593361,24.30533333,1.24481328,15,23843429940930549,23843429940900549,2019-07-26,2019-07-26
2,[EN]_18countries,2019-07-26,inactive,0,0,0,"Leads (form)",,,0,,,,,,,,,0,23843429940950549,23843429940900549,2019-07-26,2019-07-26
2,[EN]_18countries,2019-07-25,inactive,0,0,0,"Leads (form)",,,0,,,,,,,,,0,23843429940950549,23843429940900549,2019-07-25,2019-07-25
3,[EN]_18countries,2019-07-25,inactive,0,0,0,"Leads (form)",,,0,,,,,,,,,0,23843429940940549,23843429940900549,2019-07-25,2019-07-25
1,[EN]_18countries,2019-07-25,not_delivering,379,401,1.0580474934037,"Leads (form)",1,246.6,246.6,,,614.96259352,4,61.65,0.99750623441397,20.55,2.9925187,12,23843429940920549,23843429940900549,2019-07-25,2019-07-25
5,[EN]_18countries,2019-07-25,not_delivering,236,251,1.0635593220339,"Leads (form)",,,42.94,,,171.07569721,1,42.94,0.39840637450199,42.94,0.39840637,1,23843429940910549,23843429940900549,2019-07-25,2019-07-25
6,[EN]_18countries,2019-07-25,rejected,4827,5125,1.0617360679511,"Leads (form)",7,245.14285714286,1716,,,334.82926829,22,78,0.42926829268293,33,1.01463415,52,23843429940890549,23843429940900549,2019-07-25,2019-07-25
4,[EN]_18countries,2019-07-25,not_delivering,1589,1690,1.0635619886721,"Leads (form)",,,452.24,,,267.59763314,4,113.06,0.23668639053254,45.224,0.59171598,10,23843429940930549,23843429940900549,2019-07-25,2019-07-25
4,[EN]_18countries,2019-07-24,not_delivering,2603,2744,1.0541682673838,"Leads (form)",6,136.17333333333,817.04,,,297.75510204,12,68.08666667,0.43731778425656,27.23466667,1.09329446,30,23843429940930549,23843429940900549,2019-07-24,2019-07-24
2,[EN]_18countries,2019-07-24,inactive,0,0,0,"Leads (form)",,,0,,,,,,,,,0,23843429940950549,23843429940900549,2019-07-24,2019-07-24
1,[EN]_18countries,2019-07-24,not_delivering,430,461,1.0720930232558,"Leads (form)",1,253.62,253.62,,,550.15184382,2,126.81,0.43383947939262,50.724,1.0845987,5,23843429940920549,23843429940900549,2019-07-24,2019-07-24
5,[EN]_18countries,2019-07-24,not_delivering,385,397,1.0311688311688,"Leads (form)",,,81.51,,,205.31486146,3,27.17,0.75566750629723,11.64428571,1.76322418,7,23843429940910549,23843429940900549,2019-07-24,2019-07-24
6,[EN]_18countries,2019-07-24,rejected,4288,4496,1.0485074626866,"Leads (form)",6,289.60166666667,1737.61,,,386.47909253,29,59.91758621,0.64501779359431,30.48438596,1.26779359,57,23843429940890549,23843429940900549,2019-07-24,2019-07-24
3,[EN]_18countries,2019-07-24,inactive,0,0,0,"Leads (form)",,,0,,,,,,,,,0,23843429940940549,23843429940900549,2019-07-24,2019-07-24
6,[EN]_18countries,2019-07-23,rejected,5632,6135,1.0893110795455,"Leads (form)",9,230.46888888889,2074.22,,,338.09616952,29,71.52482759,0.47269763651182,26.5925641,1.27139364,78,23843429940890549,23843429940900549,2019-07-23,2019-07-23
5,[EN]_18countries,2019-07-23,not_delivering,494,504,1.0202429149798,"Leads (form)",1,149.72,149.72,,,297.06349206,1,149.72,0.1984126984127,37.43,0.79365079,4,23843429940910549,23843429940900549,2019-07-23,2019-07-23
2,[EN]_18countries,2019-07-23,inactive,0,0,0,"Leads (form)",,,0,,,,,,,,,0,23843429940950549,23843429940900549,2019-07-23,2019-07-23
4,[EN]_18countries,2019-07-23,not_delivering,1129,1199,1.0620017714792,"Leads (form)",1,343.24,343.24,,,286.27189324,5,68.648,0.41701417848207,26.40307692,1.08423686,13,23843429940930549,23843429940900549,2019-07-23,2019-07-23
3,[EN]_18countries,2019-07-23,inactive,0,0,0,"Leads (form)",,,0,,,,,,,,,0,23843429940940549,23843429940900549,2019-07-23,2019-07-23
1,[EN]_18countries,2019-07-23,not_delivering,1481,1616,1.0911546252532,"Leads (form)",4,177.05,708.2,,,438.24257426,8,88.525,0.4950495049505,25.29285714,1.73267327,28,23843429940920549,23843429940900549,2019-07-23,2019-07-23
2,[EN]_18countries,2019-07-22,inactive,0,0,0,"Leads (form)",,,0,,,,,,,,,0,23843429940950549,23843429940900549,2019-07-22,2019-07-22
3,[EN]_18countries,2019-07-22,inactive,0,0,0,"Leads (form)",,,0,,,,,,,,,0,23843429940940549,23843429940900549,2019-07-22,2019-07-22
5,[EN]_18countries,2019-07-22,not_delivering,228,238,1.0438596491228,"Leads (form)",1,84.51,84.51,,,355.08403361,2,42.255,0.84033613445378,16.902,2.10084034,5,23843429940910549,23843429940900549,2019-07-22,2019-07-22
4,[EN]_18countries,2019-07-22,not_delivering,940,964,1.0255319148936,"Leads (form)",2,131.87,263.74,,,273.58921162,4,65.935,0.4149377593361,29.30444444,0.93360996,9,23843429940930549,23843429940900549,2019-07-22,2019-07-22
6,[EN]_18countries,2019-07-22,rejected,11040,11309,1.024365942029,"Leads (form)",15,238.682,3580.23,,,316.58236803,57,62.81105263,0.5040233442391,26.91902256,1.17605447,133,23843429940890549,23843429940900549,2019-07-22,2019-07-22
1,[EN]_18countries,2019-07-22,not_delivering,2174,2431,1.1182152713891,"Leads (form)",3,406.48333333333,1219.45,,,501.62484574,18,67.74722222,0.74043603455368,29.03452381,1.72768408,42,23843429940920549,23843429940900549,2019-07-22,2019-07-22
1,[EN]_18countries,2019-07-21,not_delivering,2051,2321,1.1316431009264,"Leads (form)",6,211.72666666667,1270.36,,,547.3330461,15,84.69066667,0.6462731581215,23.09745455,2.36966825,55,23843429940920549,23843429940900549,2019-07-21,2019-07-21
4,[EN]_18countries,2019-07-21,not_delivering,6104,6266,1.0265399737877,"Leads (form)",2,607.93,1215.86,,,194.04085541,11,110.53272727,0.17555059048835,50.66083333,0.38301947,24,23843429940930549,23843429940900549,2019-07-21,2019-07-21
6,[EN]_18countries,2019-07-21,rejected,18088,19339,1.0691618752764,"Leads (form)",21,262.81047619048,5519.02,,,285.38290501,88,62.71613636,0.4550390402813,26.79135922,1.06520503,206,23843429940890549,23843429940900549,2019-07-21,2019-07-21
5,[EN]_18countries,2019-07-21,not_delivering,52,52,1,"Leads (form)",,,8.19,,,157.5,,,,,0,0,23843429940910549,23843429940900549,2019-07-21,2019-07-21
2,[EN]_18countries,2019-07-21,inactive,0,0,0,"Leads (form)",,,0,,,,,,,,,0,23843429940950549,23843429940900549,2019-07-21,2019-07-21
3,[EN]_18countries,2019-07-21,inactive,0,0,0,"Leads (form)",,,0,,,,,,,,,0,23843429940940549,23843429940900549,2019-07-21,2019-07-21
5,[EN]_18countries,2019-07-20,not_delivering,570,576,1.0105263157895,"Leads (form)",,,35.37,,,61.40625,,,,35.37,0.17361111,1,23843429940910549,23843429940900549,2019-07-20,2019-07-20
4,[EN]_18countries,2019-07-20,not_delivering,10264,10716,1.0440374123149,"Leads (form)",8,283.09875,2264.79,,,211.34658455,30,75.493,0.27995520716685,39.73315789,0.53191489,57,23843429940930549,23843429940900549,2019-07-20,2019-07-20
6,[EN]_18countries,2019-07-20,rejected,11060,12115,1.0953887884268,"Leads (form)",18,209.95611111111,3779.21,,,311.94469666,66,57.26075758,0.54477919933966,24.70071895,1.26289723,153,23843429940890549,23843429940900549,2019-07-20,2019-07-20
3,[EN]_18countries,2019-07-20,inactive,0,0,0,"Leads (form)",,,0,,,,,,,,,0,23843429940940549,23843429940900549,2019-07-20,2019-07-20
1,[EN]_18countries,2019-07-20,not_delivering,548,584,1.0656934306569,"Leads (form)",4,83.1425,332.57,,,569.46917808,9,36.95222222,1.541095890411,17.50368421,3.25342466,19,23843429940920549,23843429940900549,2019-07-20,2019-07-20
2,[EN]_18countries,2019-07-20,inactive,0,0,0,"Leads (form)",,,0,,,,,,,,,0,23843429940950549,23843429940900549,2019-07-20,2019-07-20
3,[EN]_18countries,2019-07-19,inactive,0,0,0,"Leads (form)",,,0,,,,,,,,,0,23843429940940549,23843429940900549,2019-07-19,2019-07-19
1,[EN]_18countries,2019-07-19,not_delivering,189,199,1.0529100529101,"Leads (form)",,,79.35,,,398.74371859,2,39.675,1.0050251256281,26.45,1.50753769,3,23843429940920549,23843429940900549,2019-07-19,2019-07-19
6,[EN]_18countries,2019-07-19,rejected,3702,3969,1.0721231766613,"Leads (form)",8,223.8675,1790.94,,,451.23204837,29,61.75655172,0.73066263542454,21.84073171,2.06601159,82,23843429940890549,23843429940900549,2019-07-19,2019-07-19
4,[EN]_18countries,2019-07-19,not_delivering,2336,2399,1.0269691780822,"Leads (form)",4,232.195,928.78,,,387.15298041,8,116.0975,0.33347228011672,35.72230769,1.08378491,26,23843429940930549,23843429940900549,2019-07-19,2019-07-19
2,[EN]_18countries,2019-07-19,inactive,0,0,0,"Leads (form)",,,0,,,,,,,,,0,23843429940950549,23843429940900549,2019-07-19,2019-07-19
5,[EN]_18countries,2019-07-19,not_delivering,1920,2009,1.0463541666667,"Leads (form)",1,350.9,350.9,,,174.66401195,4,87.725,0.19910403185665,17.545,0.99552016,20,23843429940910549,23843429940900549,2019-07-19,2019-07-19
1,[EN]_18countries,2019-07-18,not_delivering,2619,2850,1.0882016036655,"Leads (form)",3,446.59,1339.77,,,470.09473684,10,133.977,0.35087719298246,39.405,1.19298246,34,23843429940920549,23843429940900549,2019-07-18,2019-07-18
6,[EN]_18countries,2019-07-18,rejected,2053,2149,1.0467608377983,"Leads (form)",3,298.84333333333,896.53,,,417.18473709,9,99.61444444,0.41879944160074,30.91482759,1.34946487,29,23843429940890549,23843429940900549,2019-07-18,2019-07-18
5,[EN]_18countries,2019-07-18,not_delivering,657,695,1.0578386605784,"Leads (form)",1,181.59,181.59,,,261.28057554,3,60.53,0.43165467625899,18.159,1.43884892,10,23843429940910549,23843429940900549,2019-07-18,2019-07-18
3,[EN]_18countries,2019-07-18,inactive,0,0,0,"Leads (form)",,,0,,,,,,,,,0,23843429940940549,23843429940900549,2019-07-18,2019-07-18
2,[EN]_18countries,2019-07-18,inactive,0,0,0,"Leads (form)",,,0,,,,,,,,,0,23843429940950549,23843429940900549,2019-07-18,2019-07-18
4,[EN]_18countries,2019-07-18,not_delivering,3576,3856,1.0782997762864,"Leads (form)",8,149.5075,1196.06,,,310.18153527,12,99.67166667,0.31120331950207,29.17219512,1.06327801,41,23843429940930549,23843429940900549,2019-07-18,2019-07-18
1,[EN]_18countries,2019-07-17,not_delivering,1042,1095,1.0508637236084,"Leads (form)",3,183.51,550.53,,,502.76712329,13,42.34846154,1.1872146118721,22.93875,2.19178082,24,23843429940920549,23843429940900549,2019-07-17,2019-07-17
2,[EN]_18countries,2019-07-17,inactive,0,0,0,"Leads (form)",,,0,,,,,,,,,0,23843429940950549,23843429940900549,2019-07-17,2019-07-17
5,[EN]_18countries,2019-07-17,not_delivering,129,132,1.0232558139535,"Leads (form)",,,38.09,,,288.56060606,,,,38.09,0.75757576,1,23843429940910549,23843429940900549,2019-07-17,2019-07-17
6,[EN]_18countries,2019-07-17,rejected,1343,1380,1.0275502606106,"Leads (form)",,,593.43,,,430.02173913,6,98.905,0.43478260869565,49.4525,0.86956522,12,23843429940890549,23843429940900549,2019-07-17,2019-07-17
4,[EN]_18countries,2019-07-17,not_delivering,1426,1454,1.0196353436185,"Leads (form)",1,349.57,349.57,,,240.41953232,1,349.57,0.068775790921596,38.84111111,0.61898212,9,23843429940930549,23843429940900549,2019-07-17,2019-07-17
3,[EN]_18countries,2019-07-17,inactive,0,0,0,"Leads (form)",,,0,,,,,,,,,0,23843429940940549,23843429940900549,2019-07-17,2019-07-17
1,[EN]_18countries,2019-07-16,not_delivering,2487,2796,1.124246079614,"Leads (form)",6,269.08833333333,1614.53,,,577.44277539,23,70.19695652,0.82260371959943,25.22703125,2.28898426,64,23843429940920549,23843429940900549,2019-07-16,2019-07-16
4,[EN]_18countries,2019-07-16,not_delivering,2600,2695,1.0365384615385,"Leads (form)",8,86.29125,690.33,,,256.15213358,14,49.30928571,0.51948051948052,22.26870968,1.15027829,31,23843429940930549,23843429940900549,2019-07-16,2019-07-16
6,[EN]_18countries,2019-07-16,rejected,6030,6388,1.0593698175788,"Leads (form)",6,435.20666666667,2611.24,,,408.77269881,27,96.71259259,0.42266750156544,34.35842105,1.18973075,76,23843429940890549,23843429940900549,2019-07-16,2019-07-16
5,[EN]_18countries,2019-07-16,not_delivering,397,417,1.0503778337531,"Leads (form)",1,102.02,102.02,,,244.65227818,3,34.00666667,0.71942446043165,17.00333333,1.43884892,6,23843429940910549,23843429940900549,2019-07-16,2019-07-16
3,[EN]_18countries,2019-07-16,inactive,0,0,0,"Leads (form)",,,0,,,,,,,,,0,23843429940940549,23843429940900549,2019-07-16,2019-07-16
2,[EN]_18countries,2019-07-16,inactive,0,0,0,"Leads (form)",,,0,,,,,,,,,0,23843429940950549,23843429940900549,2019-07-16,2019-07-16
4,[EN]_18countries,2019-07-15,not_delivering,2551,2688,1.0537044296354,"Leads (form)",1,819.41,819.41,,,304.84002976,7,117.05857143,0.26041666666667,54.62733333,0.55803571,15,23843429940930549,23843429940900549,2019-07-15,2019-07-15
5,[EN]_18countries,2019-07-15,not_delivering,532,578,1.0864661654135,"Leads (form)",1,156.65,156.65,,,271.02076125,2,78.325,0.34602076124567,31.33,0.8650519,5,23843429940910549,23843429940900549,2019-07-15,2019-07-15
3,[EN]_18countries,2019-07-15,inactive,0,0,0,"Leads (form)",,,0,,,,,,,,,0,23843429940940549,23843429940900549,2019-07-15,2019-07-15
2,[EN]_18countries,2019-07-15,inactive,0,0,0,"Leads (form)",,,0,,,,,,,,,0,23843429940950549,23843429940900549,2019-07-15,2019-07-15
6,[EN]_18countries,2019-07-15,rejected,8020,8826,1.1004987531172,"Leads (form)",17,254.50411764706,4326.57,,,490.20734194,56,77.26017857,0.63448900974394,26.70722222,1.83548606,162,23843429940890549,23843429940900549,2019-07-15,2019-07-15
1,[EN]_18countries,2019-07-15,not_delivering,3445,4074,1.1825834542816,"Leads (form)",7,311.36714285714,2179.57,,,534.99509082,28,77.84178571,0.6872852233677,22.94284211,2.33186058,95,23843429940920549,23843429940900549,2019-07-15,2019-07-15
5,[EN]_18countries,2019-07-14,not_delivering,206,216,1.0485436893204,"Leads (form)",1,65.93,65.93,,,305.23148148,2,32.965,0.92592592592593,13.186,2.31481481,5,23843429940910549,23843429940900549,2019-07-14,2019-07-14
3,[EN]_18countries,2019-07-14,inactive,0,0,0,"Leads (form)",,,0,,,,,,,,,0,23843429940940549,23843429940900549,2019-07-14,2019-07-14
2,[EN]_18countries,2019-07-14,inactive,0,0,0,"Leads (form)",,,0,,,,,,,,,0,23843429940950549,23843429940900549,2019-07-14,2019-07-14
6,[EN]_18countries,2019-07-14,rejected,5422,5851,1.0791220951678,"Leads (form)",9,335.67333333333,3021.06,,,516.3322509,39,77.46307692,0.66655272602974,30.2106,1.70910955,100,23843429940890549,23843429940900549,2019-07-14,2019-07-14
1,[EN]_18countries,2019-07-14,not_delivering,2583,3009,1.1649245063879,"Leads (form)",7,268.65857142857,1880.61,,,624.99501496,17,110.62411765,0.56497175141243,25.0748,2.49252243,75,23843429940920549,23843429940900549,2019-07-14,2019-07-14
4,[EN]_18countries,2019-07-14,not_delivering,6368,6990,1.097675879397,"Leads (form)",10,232.398,2323.98,,,332.472103,21,110.66571429,0.30042918454936,30.9864,1.07296137,75,23843429940930549,23843429940900549,2019-07-14,2019-07-14
6,[EN]_18countries,2019-07-13,rejected,3192,3496,1.0952380952381,"Leads (form)",7,240.42857142857,1683,,,481.40732265,16,105.1875,0.45766590389016,36.58695652,1.31578947,46,23843429940890549,23843429940900549,2019-07-13,2019-07-13
4,[EN]_18countries,2019-07-13,not_delivering,11724,12330,1.0516888433982,"Leads (form)",12,324.0325,3888.39,,,315.36009732,42,92.58071429,0.34063260340633,43.68977528,0.72181671,89,23843429940930549,23843429940900549,2019-07-13,2019-07-13
1,[EN]_18countries,2019-07-13,not_delivering,664,738,1.1114457831325,"Leads (form)",4,116.8675,467.47,,,633.42818428,6,77.91166667,0.8130081300813,29.216875,2.16802168,16,23843429940920549,23843429940900549,2019-07-13,2019-07-13
5,[EN]_18countries,2019-07-13,not_delivering,79,80,1.0126582278481,"Leads (form)",,,20.97,,,262.125,,,,,0,0,23843429940910549,23843429940900549,2019-07-13,2019-07-13
3,[EN]_18countries,2019-07-13,inactive,0,0,0,"Leads (form)",,,0,,,,,,,,,0,23843429940940549,23843429940900549,2019-07-13,2019-07-13
2,[EN]_18countries,2019-07-13,inactive,0,0,0,"Leads (form)",,,0,,,,,,,,,0,23843429940950549,23843429940900549,2019-07-13,2019-07-13
4,[EN]_18countries,2019-07-12,not_delivering,8340,9050,1.0851318944844,"Leads (form)",20,141.1985,2823.97,,,312.04088398,43,65.67372093,0.47513812154696,26.64122642,1.17127072,106,23843429940930549,23843429940900549,2019-07-12,2019-07-12
1,[EN]_18countries,2019-07-12,not_delivering,1398,1549,1.1080114449213,"Leads (form)",1,947.15,947.15,,,611.45900581,6,157.85833333,0.38734667527437,47.3575,1.29115558,20,23843429940920549,23843429940900549,2019-07-12,2019-07-12
6,[EN]_18countries,2019-07-12,rejected,5386,5946,1.1039732640178,"Leads (form)",7,347.45142857143,2432.16,,,409.04137235,27,90.08,0.45408678102926,35.24869565,1.160444,69,23843429940890549,23843429940900549,2019-07-12,2019-07-12
2,[EN]_18countries,2019-07-12,inactive,0,0,0,"Leads (form)",,,0,,,,,,,,,0,23843429940950549,23843429940900549,2019-07-12,2019-07-12
3,[EN]_18countries,2019-07-12,inactive,0,0,0,"Leads (form)",,,0,,,,,,,,,0,23843429940940549,23843429940900549,2019-07-12,2019-07-12
5,[EN]_18countries,2019-07-12,not_delivering,849,874,1.0294464075383,"Leads (form)",,,214.37,,,245.27459954,1,214.37,0.11441647597254,42.874,0.57208238,5,23843429940910549,23843429940900549,2019-07-12,2019-07-12
1,[EN]_18countries,2019-07-11,not_delivering,3612,4001,1.1076965669989,"Leads (form)",5,484.546,2422.73,,,605.53111722,21,115.36809524,0.5248687828043,44.86537037,1.34966258,54,23843429940920549,23843429940900549,2019-07-11,2019-07-11
2,[EN]_18countries,2019-07-11,inactive,0,0,0,"Leads (form)",,,0,,,,,,,,,0,23843429940950549,23843429940900549,2019-07-11,2019-07-11
6,[EN]_18countries,2019-07-11,rejected,10812,11699,1.0820384757677,"Leads (form)",12,376.48416666667,4517.81,,,386.17061287,55,82.142,0.47012565176511,32.73775362,1.179588,138,23843429940890549,23843429940900549,2019-07-11,2019-07-11
5,[EN]_18countries,2019-07-11,not_delivering,2275,2439,1.0720879120879,"Leads (form)",,,616.8,,,252.89052891,16,38.55,0.6560065600656,20.56,1.2300123,30,23843429940910549,23843429940900549,2019-07-11,2019-07-11
4,[EN]_18countries,2019-07-11,not_delivering,7414,8167,1.1015646074993,"Leads (form)",9,290.75111111111,2616.76,,,320.40651402,32,81.77375,0.39182074201053,32.7095,0.97955186,80,23843429940930549,23843429940900549,2019-07-11,2019-07-11
3,[EN]_18countries,2019-07-11,inactive,0,0,0,"Leads (form)",,,0,,,,,,,,,0,23843429940940549,23843429940900549,2019-07-11,2019-07-11
6,[EN]_18countries,2019-07-10,rejected,12432,13300,1.0698198198198,"Leads (form)",13,469.45384615385,6102.9,,,458.86466165,64,95.3578125,0.4812030075188,36.76445783,1.2481203,166,23843429940890549,23843429940900549,2019-07-10,2019-07-10
3,[EN]_18countries,2019-07-10,inactive,0,0,0,"Leads (form)",,,0,,,,,,,,,0,23843429940940549,23843429940900549,2019-07-10,2019-07-10
4,[EN]_18countries,2019-07-10,not_delivering,3953,4361,1.1032127498103,"Leads (form)",10,209.398,2093.98,,,480.16051364,23,91.0426087,0.52740197202476,29.08305556,1.65099748,72,23843429940930549,23843429940900549,2019-07-10,2019-07-10
1,[EN]_18countries,2019-07-10,not_delivering,3752,3950,1.0527718550107,"Leads (form)",9,204.97222222222,1844.75,,,467.02531646,27,68.32407407,0.68354430379747,30.24180328,1.5443038,61,23843429940920549,23843429940900549,2019-07-10,2019-07-10
2,[EN]_18countries,2019-07-10,inactive,0,0,0,"Leads (form)",,,0,,,,,,,,,0,23843429940950549,23843429940900549,2019-07-10,2019-07-10
5,[EN]_18countries,2019-07-10,not_delivering,615,638,1.0373983739837,"Leads (form)",1,171.82,171.82,,,269.31034483,5,34.364,0.78369905956113,14.31833333,1.88087774,12,23843429940910549,23843429940900549,2019-07-10,2019-07-10
4,[EN]_18countries,2019-07-09,not_delivering,1056,1119,1.0596590909091,"Leads (form)",1,496.27,496.27,,,443.49419124,3,165.42333333,0.26809651474531,82.71166667,0.53619303,6,23843429940930549,23843429940900549,2019-07-09,2019-07-09
2,[EN]_18countries,2019-07-09,inactive,87,95,1.0919540229885,"Leads (form)",,,53.81,,,566.42105263,1,53.81,1.0526315789474,53.81,1.05263158,1,23843429940950549,23843429940900549,2019-07-09,2019-07-09
3,[EN]_18countries,2019-07-09,inactive,222,236,1.0630630630631,"Leads (form)",,,95.71,,,405.55084746,,,,95.71,0.42372881,1,23843429940940549,23843429940900549,2019-07-09,2019-07-09
6,[EN]_18countries,2019-07-09,rejected,11220,12282,1.0946524064171,"Leads (form)",19,273.86947368421,5203.52,,,423.67041199,54,96.36148148,0.43966780654617,31.53648485,1.34342941,165,23843429940890549,23843429940900549,2019-07-09,2019-07-09
5,[EN]_18countries,2019-07-09,not_delivering,245,249,1.0163265306122,"Leads (form)",,,66.69,,,267.8313253,1,66.69,0.40160642570281,33.345,0.80321285,2,23843429940910549,23843429940900549,2019-07-09,2019-07-09
1,[EN]_18countries,2019-07-09,not_delivering,5680,6126,1.0785211267606,"Leads (form)",12,282.0825,3384.99,,,552.5612145,32,105.7809375,0.52236369572315,42.312375,1.30590924,80,23843429940920549,23843429940900549,2019-07-09,2019-07-09
2,[EN]_18countries,2019-07-08,inactive,283,321,1.1342756183746,"Leads (form)",,,183.76,,,572.46105919,,,,183.76,0.31152648,1,23843429940950549,23843429940900549,2019-07-08,2019-07-08
4,[EN]_18countries,2019-07-08,not_delivering,1198,1310,1.093489148581,"Leads (form)",4,161.285,645.14,,,492.47328244,7,92.16285714,0.53435114503817,29.32454545,1.67938931,22,23843429940930549,23843429940900549,2019-07-08,2019-07-08
1,[EN]_18countries,2019-07-08,not_delivering,8334,9092,1.0909527237821,"Leads (form)",12,369.08666666667,4429.04,,,487.13594369,48,92.27166667,0.52793664760229,36.00845528,1.35283766,123,23843429940920549,23843429940900549,2019-07-08,2019-07-08
3,[EN]_18countries,2019-07-08,inactive,520,559,1.075,"Leads (form)",2,107.54,215.08,,,384.75849732,4,53.77,0.71556350626118,17.92333333,2.14669052,12,23843429940940549,23843429940900549,2019-07-08,2019-07-08
5,[EN]_18countries,2019-07-08,not_delivering,833,857,1.0288115246098,"Leads (form)",,,213.22,,,248.79813302,5,42.644,0.58343057176196,23.69111111,1.05017503,9,23843429940910549,23843429940900549,2019-07-08,2019-07-08
6,[EN]_18countries,2019-07-08,rejected,8998,9709,1.0790175594577,"Leads (form)",14,264.14785714286,3698.07,,,380.89092595,50,73.9614,0.51498609537542,27.59753731,1.38016274,134,23843429940890549,23843429940900549,2019-07-08,2019-07-08
3,[EN]_18countries,2019-07-07,inactive,105,120,1.1428571428571,"Leads (form)",,,37.58,,,313.16666667,,,,37.58,0.83333333,1,23843429940940549,23843429940900549,2019-07-07,2019-07-07
6,[EN]_18countries,2019-07-07,rejected,9054,9893,1.092666224873,"Leads (form)",11,387.18727272727,4259.06,,,430.51248357,41,103.8795122,0.41443444860002,32.5119084,1.3241686,131,23843429940890549,23843429940900549,2019-07-07,2019-07-07
5,[EN]_18countries,2019-07-07,not_delivering,1256,1331,1.0597133757962,"Leads (form)",1,356.36,356.36,,,267.73854245,4,89.09,0.30052592036063,23.75733333,1.1269722,15,23843429940910549,23843429940900549,2019-07-07,2019-07-07
1,[EN]_18countries,2019-07-07,not_delivering,5308,5664,1.0670685757347,"Leads (form)",7,369.75714285714,2588.3,,,456.97387006,26,99.55,0.4590395480226,40.4421875,1.1299435,64,23843429940920549,23843429940900549,2019-07-07,2019-07-07
2,[EN]_18countries,2019-07-07,inactive,237,265,1.1181434599156,"Leads (form)",,,99.94,,,377.13207547,,,,33.31333333,1.13207547,3,23843429940950549,23843429940900549,2019-07-07,2019-07-07
4,[EN]_18countries,2019-07-07,not_delivering,4676,5405,1.1559024807528,"Leads (form)",4,576.285,2305.14,,,426.48288622,28,82.32642857,0.51803885291397,26.80395349,1.59111933,86,23843429940930549,23843429940900549,2019-07-07,2019-07-07
6,[EN]_18countries,2019-07-06,rejected,7904,8616,1.0900809716599,"Leads (form)",12,362.6475,4351.77,,,505.08008357,39,111.58384615,0.45264623955432,38.85508929,1.29990715,112,23843429940890549,23843429940900549,2019-07-06,2019-07-06
4,[EN]_18countries,2019-07-06,not_delivering,3881,4419,1.1386240659624,"Leads (form)",6,342.455,2054.73,,,464.97623897,20,102.7365,0.45259108395565,28.53791667,1.6293279,72,23843429940930549,23843429940900549,2019-07-06,2019-07-06
1,[EN]_18countries,2019-07-06,not_delivering,5382,5722,1.0631735414344,"Leads (form)",16,201.39,3222.24,,,563.13177211,43,74.93581395,0.75148549458231,31.2838835,1.80006991,103,23843429940920549,23843429940900549,2019-07-06,2019-07-06
3,[EN]_18countries,2019-07-06,inactive,43,43,1,"Leads (form)",,,15.8,,,367.44186047,,,,,0,0,23843429940940549,23843429940900549,2019-07-06,2019-07-06
2,[EN]_18countries,2019-07-06,inactive,160,166,1.0375,"Leads (form)",,,62.94,,,379.15662651,1,62.94,0.60240963855422,62.94,0.60240964,1,23843429940950549,23843429940900549,2019-07-06,2019-07-06
5,[EN]_18countries,2019-07-06,not_delivering,872,898,1.0298165137615,"Leads (form)",3,84.393333333333,253.18,,,281.9376392,4,63.295,0.44543429844098,21.09833333,1.3363029,12,23843429940910549,23843429940900549,2019-07-06,2019-07-06
2,[EN]_18countries,2019-07-05,inactive,250,288,1.152,"Leads (form)",,,115.67,,,401.63194444,,,,57.835,0.69444444,2,23843429940950549,23843429940900549,2019-07-05,2019-07-05
3,[EN]_18countries,2019-07-05,inactive,106,111,1.0471698113208,"Leads (form)",,,45.96,,,414.05405405,,,,45.96,0.9009009,1,23843429940940549,23843429940900549,2019-07-05,2019-07-05
6,[EN]_18countries,2019-07-05,rejected,10672,12042,1.1283733133433,"Leads (form)",24,228.54708333333,5485.13,,,455.49991696,69,79.49463768,0.57299451918286,27.02034483,1.68576648,203,23843429940890549,23843429940900549,2019-07-05,2019-07-05
4,[EN]_18countries,2019-07-05,not_delivering,3235,3616,1.1177743431221,"Leads (form)",10,177.131,1771.31,,,489.8534292,20,88.5655,0.55309734513274,28.11603175,1.74225664,63,23843429940930549,23843429940900549,2019-07-05,2019-07-05
5,[EN]_18countries,2019-07-05,not_delivering,264,273,1.0340909090909,"Leads (form)",,,68.34,,,250.32967033,,,,68.34,0.36630037,1,23843429940910549,23843429940900549,2019-07-05,2019-07-05
1,[EN]_18countries,2019-07-05,not_delivering,4363,4935,1.131102452441,"Leads (form)",12,198.8375,2386.05,,,483.49544073,34,70.17794118,0.68895643363728,28.07117647,1.72239108,85,23843429940920549,23843429940900549,2019-07-05,2019-07-05
3,[EN]_18countries,2019-07-04,inactive,231,253,1.0952380952381,"Leads (form)",,,94.78,,,374.62450593,,,,47.39,0.79051383,2,23843429940940549,23843429940900549,2019-07-04,2019-07-04
2,[EN]_18countries,2019-07-04,inactive,258,280,1.0852713178295,"Leads (form)",,,136.19,,,486.39285714,2,68.095,0.71428571428571,19.45571429,2.5,7,23843429940950549,23843429940900549,2019-07-04,2019-07-04
1,[EN]_18countries,2019-07-04,not_delivering,2237,2420,1.0818059901654,"Leads (form)",6,190.19833333333,1141.19,,,471.5661157,17,67.12882353,0.70247933884298,19.01983333,2.47933884,60,23843429940920549,23843429940900549,2019-07-04,2019-07-04
4,[EN]_18countries,2019-07-04,not_delivering,3995,4370,1.0938673341677,"Leads (form)",6,346.43333333333,2078.6,,,475.65217391,19,109.4,0.43478260869565,29.69428571,1.60183066,70,23843429940930549,23843429940900549,2019-07-04,2019-07-04
5,[EN]_18countries,2019-07-04,not_delivering,271,280,1.0332103321033,"Leads (form)",,,90.56,,,323.42857143,1,90.56,0.35714285714286,45.28,0.71428571,2,23843429940910549,23843429940900549,2019-07-04,2019-07-04
6,[EN]_18countries,2019-07-04,rejected,14012,15055,1.074436197545,"Leads (form)",23,275.28086956522,6331.46,,,420.55529724,67,94.49940299,0.4450348721355,33.14900524,1.2686815,191,23843429940890549,23843429940900549,2019-07-04,2019-07-04
4,[EN]_18countries,2019-07-03,not_delivering,2989,3304,1.1053864168618,"Leads (form)",4,328.89,1315.56,,,398.17191283,17,77.38588235,0.51452784503632,25.79529412,1.54358354,51,23843429940930549,23843429940900549,2019-07-03,2019-07-03
1,[EN]_18countries,2019-07-03,not_delivering,1886,2009,1.0652173913043,"Leads (form)",5,201.732,1008.66,,,502.07068193,10,100.866,0.49776007964161,28.81885714,1.74216028,35,23843429940920549,23843429940900549,2019-07-03,2019-07-03
6,[EN]_18countries,2019-07-03,rejected,13152,14620,1.1116180048662,"Leads (form)",28,258.37785714286,7234.58,,,494.84131327,90,80.38422222,0.6155950752394,31.18353448,1.58686731,232,23843429940890549,23843429940900549,2019-07-03,2019-07-03
3,[EN]_18countries,2019-07-03,inactive,210,219,1.0428571428571,"Leads (form)",1,83.68,83.68,,,382.10045662,2,41.84,0.91324200913242,27.89333333,1.36986301,3,23843429940940549,23843429940900549,2019-07-03,2019-07-03
2,[EN]_18countries,2019-07-03,inactive,266,280,1.0526315789474,"Leads (form)",,,110.98,,,396.35714286,3,36.99333333,1.0714285714286,18.49666667,2.14285714,6,23843429940950549,23843429940900549,2019-07-03,2019-07-03
5,[EN]_18countries,2019-07-03,not_delivering,247,253,1.0242914979757,"Leads (form)",,,73.93,,,292.21343874,,,,,0,0,23843429940910549,23843429940900549,2019-07-03,2019-07-03
6,[EN]_18countries,2019-07-02,rejected,11372,12398,1.0902215969047,"Leads (form)",32,206.021875,6592.7,,,531.75512179,99,66.59292929,0.79851588965962,29.04273128,1.83094047,227,23843429940890549,23843429940900549,2019-07-02,2019-07-02
3,[EN]_18countries,2019-07-02,inactive,104,112,1.0769230769231,"Leads (form)",,,67.54,,,603.03571429,,,,33.77,1.78571429,2,23843429940940549,23843429940900549,2019-07-02,2019-07-02
1,[EN]_18countries,2019-07-02,not_delivering,3223,3347,1.0384734719206,"Leads (form)",4,390.4525,1561.81,,,466.62981775,14,111.55785714,0.41828503137138,33.9523913,1.3743651,46,23843429940920549,23843429940900549,2019-07-02,2019-07-02
2,[EN]_18countries,2019-07-02,inactive,205,217,1.0585365853659,"Leads (form)",,,104.34,,,480.82949309,,,,104.34,0.46082949,1,23843429940950549,23843429940900549,2019-07-02,2019-07-02
5,[EN]_18countries,2019-07-02,not_delivering,434,437,1.0069124423963,"Leads (form)",,,102.13,,,233.70709382,2,51.065,0.45766590389016,20.426,1.14416476,5,23843429940910549,23843429940900549,2019-07-02,2019-07-02
4,[EN]_18countries,2019-07-02,not_delivering,3305,3644,1.1025718608169,"Leads (form)",9,158.74222222222,1428.68,,,392.0636663,18,79.37111111,0.49396267837541,18.79842105,2.0856202,76,23843429940930549,23843429940900549,2019-07-02,2019-07-02
6,[EN]_18countries,2019-07-01,rejected,11764,12305,1.0459877592656,"Leads (form)",32,230.0515625,7361.65,,,598.26493295,84,87.63869048,0.68264932954084,32.71844444,1.82852499,225,23843429940890549,23843429940900549,2019-07-01,2019-07-01
1,[EN]_18countries,2019-07-01,not_delivering,2716,2785,1.0254050073638,"Leads (form)",5,304.488,1522.44,,,546.65709156,16,95.1525,0.57450628366248,39.03692308,1.40035907,39,23843429940920549,23843429940900549,2019-07-01,2019-07-01
3,[EN]_18countries,2019-07-01,inactive,91,94,1.032967032967,"Leads (form)",,,56.29,,,598.82978723,,,,,0,0,23843429940940549,23843429940900549,2019-07-01,2019-07-01
2,[EN]_18countries,2019-07-01,inactive,540,569,1.0537037037037,"Leads (form)",,,263.06,,,462.3198594,2,131.53,0.35149384885765,23.91454545,1.93321617,11,23843429940950549,23843429940900549,2019-07-01,2019-07-01
5,[EN]_18countries,2019-07-01,not_delivering,718,723,1.0069637883008,"Leads (form)",,,219.65,,,303.80359613,2,109.825,0.27662517289073,43.93,0.69156293,5,23843429940910549,23843429940900549,2019-07-01,2019-07-01
4,[EN]_18countries,2019-07-01,not_delivering,1134,1202,1.0599647266314,"Leads (form)",4,149.69,598.76,,,498.13643927,11,54.43272727,0.91514143094842,29.938,1.66389351,20,23843429940930549,23843429940900549,2019-07-01,2019-07-01
